{
  "mean": [
    1.3103521935328841,
    1.309978371739073,
    1.1963098448639558,
    1.1946810499052127,
    1.1740674481322224,
    1.1732931029878984,
    9.531547889241942,
    9.544257830231503,
    0.00037382179381057856,
    0.01270994098955969,
    0.0016287949587461183,
    0.0007743451443219185
  ],
  "scale": [
    0.44912853223117916,
    0.44898099495838756,
    0.37033668981296713,
    0.37195427389703395,
    0.26438400171005727,
    0.2624767722936739,
    5.177579963776228,
    5.197001250527194,
    0.646574264970365,
    7.562769384514273,
    0.5065392674249255,
    0.3272747597893335
  ],
  "features": [
    "ppg_l",
    "ppg_v",
    "gfpj_l",
    "gfpj_v",
    "gcpj_l",
    "gcpj_v",
    "pos_l",
    "pos_v",
    "dif_pts",
    "dif_pos",
    "dif_gf",
    "dif_gc"
  ]
}